[
  {
    "id": "sitelink",
    "type": "inputstring",
    "name": "Site Link",
    "value": "https://1337x.torweb.workers.dev"
  },
  {
    "id": "cookieheader",
    "type": "hiddendata",
    "name": "CookieHeader",
    "value": ""
  },
  {
    "id": "lasterror",
    "type": "hiddendata",
    "name": "LastError",
    "value": null
  },
  {
    "id": "downloadlink",
    "type": "inputselect",
    "name": "Download link",
    "value": "http://itorrents.org/",
    "options": {
      "http://itorrents.org/": "iTorrents.org",
      "magnet:": "magnet"
    }
  },
  {
    "id": "downloadlink(fallback)",
    "type": "inputselect",
    "name": "Download link (fallback)",
    "value": "magnet:",
    "options": {
      "http://itorrents.org/": "iTorrents.org",
      "magnet:": "magnet"
    }
  },
  {
    "id": "sortrequestedfromsite",
    "type": "inputselect",
    "name": "Sort requested from site",
    "value": "time",
    "options": {
      "time": "created",
      "seeders": "seeders",
      "size": "size"
    }
  },
  {
    "id": "orderrequestedfromsite",
    "type": "inputselect",
    "name": "Order requested from site",
    "value": "desc",
    "options": {
      "desc": "desc",
      "asc": "asc"
    }
  },
  {
    "id": "tags",
    "type": "inputtags",
    "name": "Tags",
    "value": ""
  }
]
