[
  {
    "id": "sitelink",
    "type": "inputstring",
    "name": "Site Link",
    "value": "https://www.anilibria.tv/"
  },
  {
    "id": "apiurl",
    "type": "inputstring",
    "name": "API Url",
    "value": "https://api.anilibria.tv/v2/"
  },
  {
    "id": "staticurl",
    "type": "inputstring",
    "name": "Static Url",
    "value": "https://static.anilibria.tv/"
  },
  {
    "id": "cookieheader",
    "type": "hiddendata",
    "name": "CookieHeader",
    "value": ""
  },
  {
    "id": "lasterror",
    "type": "hiddendata",
    "name": "LastError",
    "value": null
  },
  {
    "id": "tags",
    "type": "inputtags",
    "name": "Tags",
    "value": ""
  }
]