[
  {
    "id": "sitelink",
    "type": "inputstring",
    "name": "Site Link",
    "value": "http://www.animeclipse.com/"
  },
  {
    "id": "cookieheader",
    "type": "hiddendata",
    "name": "CookieHeader",
    "value": "ACphpbb2__data=a%3A2%3A%7Bs%3A11%3A%22autologinid%22%3Bs%3A0%3A%22%22%3Bs%3A6%3A%22userid%22%3Bi%3A-1%3B%7D; ACphpbb2__sid=7293b5e4a36f7eab0235fa7a98836865; ACphpbb2____lastvisit=1634108250"
  },
  {
    "id": "lasterror",
    "type": "hiddendata",
    "name": "LastError",
    "value": null
  },
  {
    "id": "sortrequestedfromsite",
    "type": "inputselect",
    "name": "Sort requested from site",
    "value": "added",
    "options": {
      "added": "created",
      "seeders": "seeders",
      "size": "size"
    }
  },
  {
    "id": "orderrequestedfromsite",
    "type": "inputselect",
    "name": "Order requested from site",
    "value": "DESC",
    "options": {
      "DESC": "desc",
      "ASC": "asc"
    }
  },
  {
    "id": "tags",
    "type": "inputtags",
    "name": "Tags",
    "value": ""
  }
]