[
  {
    "id": "sitelink",
    "type": "inputstring",
    "name": "Site Link",
    "value": "https://kickass.ws/"
  },
  {
    "id": "cookieheader",
    "type": "hiddendata",
    "name": "CookieHeader",
    "value": "__cf_bm=bf_MG2qZqgy4XQLSVOq2CxAr4yCMjH65UWukB36Yfdk-1634107018-0-AfqoGG5bGa+5LyWiayl1hDvC7rmS0WdlgUfd+aPSj0iBw2H74wFIIVA2REioj7Ksw15g+cAJiJEfZrxQKwUE3eo="
  },
  {
    "id": "lasterror",
    "type": "hiddendata",
    "name": "LastError",
    "value": null
  },
  {
    "id": "sortrequestedfromsite",
    "type": "inputselect",
    "name": "Sort requested from site",
    "value": "time_add",
    "options": {
      "time_add": "created",
      "seeders": "seeders",
      "size": "size"
    }
  },
  {
    "id": "orderrequestedfromsite",
    "type": "inputselect",
    "name": "Order requested from site",
    "value": "desc",
    "options": {
      "desc": "desc",
      "asc": "asc"
    }
  },
  {
    "id": "tags",
    "type": "inputtags",
    "name": "Tags",
    "value": ""
  }
]