[
  {
    "id": "sitelink",
    "type": "inputstring",
    "name": "Site Link",
    "value": "http://megapeer.ru/"
  },
  {
    "id": "cookieheader",
    "type": "hiddendata",
    "name": "CookieHeader",
    "value": "PHPSESSID=c2pmaf6s1e9s5l5l3l1drg6t54"
  },
  {
    "id": "lasterror",
    "type": "hiddendata",
    "name": "LastError",
    "value": null
  },
  {
    "id": "striprussianletters",
    "type": "inputbool",
    "name": "Strip Russian Letters",
    "value": false
  },
  {
    "id": "sortrequestedfromsite",
    "type": "inputselect",
    "name": "Sort requested from site",
    "value": "0",
    "options": {
      "0": "created",
      "1": "title",
      "2": "size"
    }
  },
  {
    "id": "orderrequestedfromsite",
    "type": "inputselect",
    "name": "Order requested from site",
    "value": "desc",
    "options": {
      "0": "desc",
      "1": "asc"
    }
  },
  {
    "id": "tags",
    "type": "inputtags",
    "name": "Tags",
    "value": ""
  }
]