[
  {
    "id": "sitelink",
    "type": "inputstring",
    "name": "Site Link",
    "value": "http://parnuxi.com/"
  },
  {
    "id": "cookieheader",
    "type": "hiddendata",
    "name": "CookieHeader",
    "value": "phpbb3_68fln_u=1; phpbb3_68fln_sid=d47004a98ed4eae7d7abbd5c66fb0022"
  },
  {
    "id": "lasterror",
    "type": "hiddendata",
    "name": "LastError",
    "value": null
  },
  {
    "id": "sortrequestedfromsite",
    "type": "inputselect",
    "name": "Sort requested from site",
    "value": "t",
    "options": {
      "t": "created",
      "ts": "seeders",
      "sz": "size",
      "i": "title"
    }
  },
  {
    "id": "orderrequestedfromsite",
    "type": "inputselect",
    "name": "Order requested from site",
    "value": "d",
    "options": {
      "d": "desc",
      "a": "asc"
    }
  },
  {
    "id": "tags",
    "type": "inputtags",
    "name": "Tags",
    "value": ""
  }
]