[
  {
    "id": "sitelink",
    "type": "inputstring",
    "name": "Site Link",
    "value": "https://rarbg.to/"
  },
  {
    "id": "cookieheader",
    "type": "hiddendata",
    "name": "CookieHeader",
    "value": "__cf_bm=7DtbHjDdhqVlSPSgqzYGBoPBReZtERk1IX9fRbuCts4-1634107038-0-Aem87LSRCjH88FpHd6DbsG29lzGnzdi2JQA3b0HcWPTC8d4WCGFMxXaXRQR3/KqSCPh8veBdU0QM0YNoAowfwIY="
  },
  {
    "id": "lasterror",
    "type": "hiddendata",
    "name": "LastError",
    "value": null
  },
  {
    "id": "apiurl",
    "type": "inputstring",
    "name": "API URL",
    "value": "https://torrentapi.org/pubapi_v2.php"
  },
  {
    "id": "sortrequestedfromsite",
    "type": "inputselect",
    "name": "Sort requested from site",
    "value": "last",
    "options": {
      "last": "created",
      "seeders": "seeders",
      "leechers": "leechers"
    }
  },
  {
    "id": "numberofretries",
    "type": "inputselect",
    "name": "Number of retries",
    "value": "2",
    "options": {
      "0": "No retries (fail fast)",
      "1": "1 retry (0.5s delay)",
      "2": "2 retries (1s delay)",
      "3": "3 retries (2s delay)",
      "4": "4 retries (4s delay)",
      "5": "5 retries (8s delay)"
    }
  },
  {
    "id": "tags",
    "type": "inputtags",
    "name": "Tags",
    "value": ""
  }
]