[
  {
    "id": "sitelink",
    "type": "inputstring",
    "name": "Site Link",
    "value": "https://torrent9.to/"
  },
  {
    "id": "cookieheader",
    "type": "hiddendata",
    "name": "CookieHeader",
    "value": null
  },
  {
    "id": "lasterror",
    "type": "hiddendata",
    "name": "LastError",
    "value": null
  },
  {
    "id": "replacemultibyanotherlanguageinreleasename",
    "type": "inputbool",
    "name": "Replace MULTI by another language in release name",
    "value": false
  },
  {
    "id": "replacemultibythislanguage",
    "type": "inputselect",
    "name": "Replace MULTI by this language",
    "value": "FRENCH",
    "options": {
      "FRENCH": "FRENCH",
      "MULTI.FRENCH": "MULTI.FRENCH",
      "ENGLISH": "ENGLISH",
      "MULTI.ENGLISH": "MULTI.ENGLISH",
      "VOSTFR": "VOSTFR",
      "MULTI.VOSTFR": "MULTI.VOSTFR"
    }
  },
  {
    "id": "replacevostfrwithenglish",
    "type": "inputbool",
    "name": "Replace VOSTFR with ENGLISH",
    "value": false
  },
  {
    "id": "sortrequestedfromsite(onlyworksforsearcheswithkeywords)",
    "type": "inputselect",
    "name": "Sort requested from site (Only works for searches with Keywords)",
    "value": ".html",
    "options": {
      ".html": "best",
      ".html,trie-date-d": "created desc",
      ".html,trie-date-a": "created asc",
      ".html,trie-seeds-d": "seeders desc",
      ".html,trie-seeds-a": "seeders asc",
      ".html,trie-poid-d": "size desc",
      ".html,trie-poid-a": "size asc",
      ".html,trie-nom-d": "title desc",
      ".html,trie-nom-a": "title asc"
    }
  },
  {
    "id": "tags",
    "type": "inputtags",
    "name": "Tags",
    "value": ""
  }
]